id,nom,festa1,festa2
717,Abella de la Conca,2023-05-29,2023-10-02
1065,Abrera,2023-06-05,2023-06-29
638,Adrall,2023-02-02,2023-06-30
665,Adraén,2023-08-04,2023-11-10
171,Age,2023-01-07,2023-06-12
409,Agramunt,2023-09-01,2023-09-04
607,Aguilar,2023-05-03,2023-06-05
1331,Aguilar de Segarra,2023-06-23,2023-10-13
959,Aguiló,2023-01-21,2023-09-23
1,Agullana,2023-04-11,2023-08-16
524,Agulló,2023-04-19,2023-08-23
1096,Aiguafreda,2023-05-29,2023-12-07
861,Aiguamúrcia,2023-08-14,2023-12-13
205,Aiguaviva,2023-07-25,2023-10-30
670,Ainet de Besan,2023-01-05,2023-10-27
709,Ainet de Cardós,2023-02-20,2023-12-29
698,Aineto,2023-08-09,2023-11-18
340,Aitona,2023-05-19,2023-09-01
341,"Alamús, els",2023-01-20,2023-11-10
866,"Alba, l'",2023-08-14,2023-12-13
385,"Albagés, l'",2023-01-20,2023-08-28
2,Albanyà,2023-05-03,2023-06-29
978,Albarca,2023-01-21,2023-08-14
342,Albatàrrec,2023-05-05,2023-10-13
1501,Alberola,2023-06-13,2023-09-08
529,Albesa,2023-03-20,2023-08-16
386,"Albi, l'",2023-08-07,2023-09-26
926,Albinyana,2023-07-14,2023-08-24
892,"Albiol, l'",2023-07-10,2023-10-02
948,Albió,2023-09-01,2023-09-02
87,Albons,2023-02-21,2023-07-21
1034,Alcanar,2023-05-15,2023-10-09
343,Alcanó,2023-02-03,2023-03-20
344,Alcarràs,2023-01-20,2023-08-25
345,Alcoletge,2023-05-12,2023-09-15
867,Alcover,2023-08-16,2023-10-16
998,"Aldea, l'",2023-04-21,2023-05-29
999,Aldover,2023-04-24,2023-09-08
893,"Aleixar, l'",2023-02-06,2023-11-13
1175,Alella,2023-06-05,2023-08-01
5123,Alendo,,
1000,Alfara de Carles,2023-05-29,2023-12-07
346,Alfarràs,2023-01-20,2023-06-29
894,Alforja,2023-01-20,2023-09-29
347,Alfés,2023-01-20,2023-08-07
530,Algerri,2023-02-02,2023-02-03
348,Alguaire,2023-05-26,2023-09-22
669,Alins,2023-01-20,2023-06-23
622,Alinyà,2023-05-11,2023-08-07
868,Alió,2023-01-20,2023-08-24
156,All,2023-08-16,2023-08-17
349,Almacelles,2023-03-02,2023-09-25
922,"Almadrava, l'",2023-07-24,2023-07-25
350,Almatret,2023-02-03,2023-09-29
351,Almenar,2023-01-20,2023-09-18
410,Almenara Alta,2023-08-04,2023-08-05
895,Almoster,2023-07-28,2023-09-29
142,Alp,2023-02-20,2023-06-29
1205,Alpens,2023-02-21,2023-09-27
352,Alpicat,2023-01-21,2023-08-25
792,Alta-riba,2023-04-22,2023-10-07
836,Altafulla,2023-04-11,2023-11-11
5118,Altet,2023-05-12,2023-08-26
608,Altès,2023-05-29,2023-09-04
623,"Alzina d'Alinyà, l'",2023-06-12,2023-08-16
593,"Alzina, l'",2023-08-05,2023-08-16
604,Alàs i Cerc,2023-05-15,2023-07-17
675,Alòs d'Isil,2023-02-21,2023-08-28
531,Alòs de Balaguer,2023-01-20,2023-08-14
275,Amer,2023-03-31,2023-08-16
1001,"Ametlla de Mar, l'",2023-02-02,2023-06-29
1439,"Ametlla de Merola, l'",2023-05-29,2023-09-25
555,"Ametlla de Montsec, l'",2023-07-31,2023-12-07
468,"Ametlla de Segarra, l'",2023-08-29,2023-09-15
1097,"Ametlla del Vallès, l'",2023-02-20,2023-08-25
1002,"Ampolla, l'",2023-06-23,2023-11-15
1036,Amposta,2023-05-22,2023-12-07
5093,Ancs,2023-02-21,2023-08-14
414,Anglesola,2023-05-03,2023-12-11
276,Anglès,2023-05-29,2023-09-04
651,Anserall,2023-09-02,2023-11-25
617,Ansovell,2023-09-05,2023-11-14
710,Anàs,2023-09-01,2023-11-18
728,Aramunt,2023-01-21,2023-09-14
739,Aransís,,
1414,Aranyó,2023-08-24,2023-08-28
671,Araós,2023-01-20,2023-09-01
387,Arbeca,2023-07-25,2023-08-14
896,Arbolí,2023-01-16,2023-10-09
927,"Arboç, l'",2023-01-09,2023-08-28
1267,"Arboçar, l'",2023-04-06,2023-07-31
277,Arbúcies,2023-06-09,2023-07-31
652,Arcavell,2023-08-05,2023-11-25
821,"Arcs, els",2023-01-17,2023-10-09
1504,Ardèvol,2023-01-17,2023-09-01
26,Arenys d'Empordà,2023-06-29,2023-11-29
1176,Arenys de Mar,2023-07-10,2023-08-16
1177,Arenys de Munt,2023-04-17,2023-11-10
639,Arfa,2023-05-29,2023-11-29
175,Argelaguer,2023-05-15,2023-12-11
598,Argentera,,
897,"Argentera, l'",2023-08-24,2023-08-25
1178,Argentona,2023-05-29,2023-08-04
1377,Argençola,2023-04-11,2023-10-13
853,"Argilaga, l'",2023-01-25,2023-08-16
653,Argolell,2023-06-01,2023-10-07
633,Aristot,2023-09-05,2023-11-30
3,"Armentera, l'",2023-07-24,2023-11-10
1048,Arnes,2023-05-29,2023-08-16
768,Arres,2023-01-20,2023-08-29
787,Arròs,2023-05-22,2023-08-29
771,Arró,2023-08-28,2023-11-11
654,Ars,2023-05-13,2023-11-11
605,Arsèguel,2023-02-21,2023-12-30
353,Artesa de Lleida,2023-01-17,2023-08-31
532,Artesa de Segre,2023-01-20,2023-09-29
778,Arties,2023-06-23,2023-07-25
1332,Artés,2023-09-04,2023-09-05
159,Arànser,2023-06-26,2023-10-09
1017,Ascó,2023-01-20,2023-08-18
655,Asnurri,2023-09-09,2023-12-09
354,Aspa,2023-01-20,2023-09-04
788,Aubèrt,2023-05-22,2023-10-02
533,"Avellanes i Santa Linya, les",,
534,"Avellanes, les",2023-04-24,2023-08-16
4,Avinyonet de Puigventós,2023-05-03,2023-06-29
5111,Avinyonet del Penedès,2023-04-06,2023-08-21
1333,Avinyó,2023-05-29,2023-09-18
1268,Avinyó Nou,2023-04-06,2023-08-21
1417,Avià,,
1060,Badalona,2023-05-11,2023-06-05
1151,Badia del Vallès,2023-02-20,2023-04-14
249,"Baell, el",2023-08-24,2023-11-10
779,Bagergue,2023-07-20,2023-08-01
1418,Bagà,2023-05-29,2023-08-03
1500,Baixos de Calbinyà,2023-07-07,2023-07-29
541,Balaguer,2023-11-09,2023-11-10
1206,Balenyà,2023-01-23,2023-08-24
5088,Balestui,2023-02-21,2023-08-14
1334,Balsareny,2023-02-13,2023-04-25
145,Baltarga,2023-06-13,2023-10-13
928,Banyeres del Penedès,2023-02-13,2023-07-10
232,Banyoles,2023-08-16,2023-10-23
785,Baqueira,2023-05-03,2023-08-05
634,Bar,2023-09-08,2023-12-27
818,Barbens,2023-08-14,2023-11-08
941,Barberà de la Conca,2023-06-06,2023-08-21
1152,Barberà del Vallès,2023-05-29,2023-07-03
1061,Barcelona,2023-06-05,2023-09-25
1461,Barceloneta,,
556,"Baronia de Sant Oïsme, la",2023-01-17,2023-04-24
804,Barruera,2023-08-01,2023-09-08
606,Bassella,2023-05-15,2023-08-28
747,Basturs,2023-05-15,2023-09-02
1049,Batea,2023-08-07,2023-08-08
1137,"Batllòria, la",2023-08-28,2023-12-18
769,Bausen,2023-08-14,2023-08-16
686,Baén,2023-02-21,2023-08-14
1300,"Beguda Alta i Baixa, la",2023-01-20,2023-08-10
1066,Begues,2023-01-20,2023-07-25
88,Begur,2023-05-29,2023-06-29
772,Begós,2023-05-03,2023-08-16
415,Belianes,2023-05-15,2023-07-25
819,Bell-lloc d'Urgell,2023-09-28,2023-09-29
388,Bellaguarda,2023-01-17,2023-04-25
1113,Bellavista,2023-05-19,2023-07-07
89,Bellcaire d'Empordà,2023-08-29,2023-10-13
550,Bellcaire d'Urgell,2023-05-22,2023-09-12
543,Bellfort,2023-02-21,2023-08-16
507,Bellmunt,2023-05-27,2023-05-30
551,Bellmunt d'Urgell,2023-05-15,2023-08-21
973,Bellmunt del Priorat,2023-12-13,2023-12-28
1378,Bellprat,,
416,Bellpuig,2023-03-31,2023-09-15
951,Belltall,2023-08-11,2023-10-06
929,Bellvei,2023-05-15,2023-08-14
426,Bellver d'Ossó,,
144,Bellver de Cerdanya,2023-06-13,2023-10-13
511,Bellveí,2023-01-20,2023-07-25
820,Bellvís,2023-01-20,2023-10-26
748,Benavent,2023-07-20,2023-08-19
355,Benavent de Segrià,2023-01-30,2023-08-28
1003,Benifallet,2023-09-08,2023-09-12
1018,Benissanet,2023-01-17,2023-07-25
773,Benós,2023-06-23,2023-06-29
1419,Berga,2023-06-08,2023-09-08
176,Besalú,2023-03-31,2023-09-22
206,Bescanó,2023-07-25,2023-08-10
656,Bescaran,2023-07-08,2023-11-11
318,Besora,,
789,Betlan,2023-05-22,2023-08-05
790,Betren,2023-05-22,2023-11-29
177,Beuda,2023-03-31,2023-09-22
1099,Bigues,2023-01-20,2023-06-29
1098,Bigues i Riells,,
445,Biosca,2023-07-27,2023-07-28
90,"Bisbal d'Empordà, la",2023-05-29,2023-08-16
974,"Bisbal de Falset, la",2023-05-15,2023-09-08
930,"Bisbal del Penedès, la",2023-04-24,2023-08-14
749,Biscarri,2023-09-23,2023-11-30
1510,Biure,2023-05-06,2023-09-02
6,Biure,2023-02-20,2023-04-11
942,Blancafort,2023-04-24,2023-05-29
278,Blanes,2023-04-11,2023-07-26
1303,"Bleda, la",2023-07-03,2023-11-11
599,Boada,2023-04-29,2023-08-21
7,Boadella d'Empordà,2023-11-10,2023-11-20
699,Boldís Jussà,2023-06-29,2023-07-10
700,Boldís Sobirà,2023-01-21,2023-09-29
148,Bolvir,2023-05-15,2023-11-22
931,Bonastre,2023-05-22,2023-07-24
711,Bonestarre,2023-01-23,2023-10-16
146,Bor,2023-06-13,2023-10-13
1503,"Bordeta, era",2023-08-19,2023-09-30
207,Bordils,2023-08-21,2023-10-30
389,"Borges Blanques, les",2023-09-04,2023-09-05
898,"Borges del Camp, les",2023-06-15,2023-09-08
9,Borrassà,2023-05-03,2023-11-27
1420,Borredà,2023-05-29,2023-08-21
676,Borén,2023-02-21,2023-08-14
774,Bossòst,2023-06-13,2023-08-16
1050,Bot,2023-02-02,2023-02-03
899,Botarell,2023-02-02,2023-08-10
390,Bovera,2023-05-22,2023-09-08
805,Boí,2023-02-14,2023-06-23
279,Breda,2023-09-07,2023-09-08
5086,Bresca,2023-02-21,2023-08-14
5084,Bretui,2023-02-21,2023-08-14
486,Briansó,2023-04-24,2023-08-21
242,Briolf,2023-05-23,2023-09-30
1379,"Bruc, el",2023-05-08,2023-08-14
1207,"Brull, el",2023-07-25,2023-11-10
280,Brunyola,2023-01-20,2023-11-10
869,Bràfim,2023-07-25,2023-12-11
763,Buira,2023-08-01,2023-08-29
693,Burg,,
319,Busa,,
5125,Buseu,2023-02-21,2023-08-14
571,Butsènit,2023-08-14,2023-12-07
5,Bàscara,2023-04-19,2023-11-17
1013,Bítem,2023-06-05,2023-09-15
770,"Bòrdes, Es",2023-09-08,2023-10-13
718,Bóixols,2023-01-23,2023-08-16
1311,Ca l'Avi,2023-04-06,2023-10-23
975,Cabacés,2023-02-03,2023-05-15
552,Cabanabona,2023-05-29,2023-08-18
11,Cabanelles,2023-05-03,2023-06-29
12,Cabanes,2023-01-27,2023-05-03
1272,"Cabanyes, les",2023-02-14,2023-08-07
5137,Cabestany,2023-02-21,2023-08-14
5100,Cabestany,2023-08-29,2023-09-15
870,Cabra del Camp,2023-08-21,2023-08-22
1381,Cabrera d'Anoia,2023-01-17,2023-08-07
1179,Cabrera de Mar,2023-05-29,2023-08-01
1362,Cabrianes,2023-02-20,2023-09-18
1180,Cabrils,2023-05-03,2023-05-29
613,Cabó,2023-05-15,2023-08-10
13,Cadaqués,2023-01-20,2023-12-18
1436,Cal Rosal,2023-06-08,2023-07-10
1382,Calaf,2023-02-06,2023-09-04
932,Calafell,2023-06-29,2023-07-17
657,Calbinyà,2023-07-08,2023-12-21
1335,Calders,2023-01-20,2023-09-08
1181,Caldes d'Estrac,2023-09-08,2023-12-13
281,Caldes de Malavella,2023-08-07,2023-09-22
1101,Caldes de Montbui,2023-05-29,2023-10-09
1182,Calella,2023-06-16,2023-09-23
1208,Calldetenes,2023-04-06,2023-05-29
1336,Callús,2023-07-03,2023-10-13
91,Calonge,2023-07-10,2023-11-10
1383,Calonge de Segarra,2023-09-29,2023-10-02
62,Camallera,2023-04-24,2023-08-28
554,Camarasa,2023-01-17,2023-04-24
1004,Camarles,2023-07-25,2023-12-07
327,Cambrils,,
902,Cambrils,2023-06-29,2023-09-08
247,Campdevànol,2023-09-18,2023-09-19
248,Campelles,2023-05-26,2023-11-10
1102,Campins,2023-05-15,2023-08-18
208,Campllong,2023-06-05,2023-08-28
1012,Campredó,2023-06-05,2023-07-25
250,Camprodon,2023-06-21,2023-06-22
1346,Camps,2023-02-21,2023-08-21
233,Camós,2023-08-16,2023-10-23
5105,Can Bas,2023-04-06,2023-06-26
1312,Can Batista,2023-04-06,2023-07-03
1313,Can Cartró,2023-04-06,2023-04-28
1314,Can Rossell,2023-04-06,2023-04-17
328,Canalda,,
102,Canapost,2023-05-29,2023-09-02
775,Canejan,2023-08-30,2023-09-08
209,Canet d'Adri,2023-07-25,2023-09-25
1183,Canet de Mar,2023-06-29,2023-09-08
130,Canet de la Tallada,2023-04-06,2023-10-13
856,"Canonja, la",2023-01-20,2023-08-14
1103,Canovelles,2023-05-19,2023-07-24
38,Cantallops,2023-05-08,2023-08-07
5106,Cantallops,2023-01-30,2023-04-06
1269,Cantallops,2023-04-06,2023-10-16
1252,Cantonigròs,2023-04-06,2023-08-16
196,"Canya, la",2023-05-02,2023-12-18
1324,Canyelles,2023-07-17,2023-09-12
476,"Canós, el",2023-08-24,2023-08-28
900,Capafonts,2023-07-31,2023-08-16
1384,Capellades,2023-02-06,2023-08-16
14,Capmany,2023-03-21,2023-05-29
1421,Capolat,2023-06-09,2023-09-08
976,Capçanes,2023-07-28,2023-07-31
1107,Cardedeu,2023-05-15,2023-08-14
806,Cardet,2023-08-16,2023-09-08
1337,Cardona,2023-09-12,2023-09-13
448,"Cardosa, la",2023-01-02,2023-07-22
1385,Carme,2023-07-17,2023-11-13
793,Casarilh,2023-05-22,2023-12-21
794,Casau,2023-05-22,2023-07-25
1051,Caseres,2023-08-18,2023-08-21
1035,"Cases d'Alcanar, les",2023-06-29,2023-07-17
1274,"Casetes de la Gornal, les",2023-04-06,2023-08-16
1315,"Casots, els",2023-04-06,2023-04-24
1422,Casserres,2023-05-02,2023-08-28
712,Cassibrós,2023-08-31,2023-11-30
210,Cassà de la Selva,2023-06-05,2023-06-06
1423,Castell de l'Areny,2023-01-24,2023-05-16
93,Castell-Platja d'Aro,2023-02-16,2023-09-08
1544,Castellar de Tost,2023-01-17,2023-11-11
303,Castellar de la Ribera,2023-02-20,2023-09-08
1424,Castellar de n'Hug,2023-07-11,2023-09-29
1458,Castellar del Riu,2023-06-08,2023-09-08
1153,Castellar del Vallès,2023-03-20,2023-09-12
1338,Castellbell i el Vilar,2023-05-08,2023-08-14
1154,Castellbisbal,2023-01-23,2023-08-21
1108,Castellcir,2023-01-17,2023-11-30
391,Castelldans,2023-09-07,2023-09-08
1067,Castelldefels,2023-08-14,2023-12-07
1275,Castellet,2023-04-06,2023-07-31
1273,Castellet i la Gornal,,
1386,Castellfollit de Riubregós,2023-01-23,2023-08-16
178,Castellfollit de la Roca,2023-05-29,2023-09-18
1339,Castellfollit del Boix,2023-02-21,2023-04-11
1340,Castellgalí,2023-05-08,2023-08-07
449,Castellnou d'Oluges,2023-05-22,2023-08-19
427,Castellnou d'Ossó,,
1341,Castellnou de Bages,2023-04-06,2023-08-16
609,Castellnou de Bassella,2023-04-28,2023-10-16
635,Castellnou de Carcolze,2023-01-23,2023-06-20
822,Castellnou de Seana,2023-02-03,2023-09-12
1387,Castellolí,2023-04-11,2023-08-29
418,Castellserà,2023-01-20,2023-07-21
1367,Castelltallat,2023-04-28,2023-09-25
1109,Castellterçol,2023-01-17,2023-02-21
901,Castellvell del Camp,2023-01-23,2023-07-26
1068,Castellví de Rosanes,2023-06-05,2023-09-25
1283,Castellví de la Marca,2023-04-06,2023-08-16
15,Castelló d'Empúries,2023-02-02,2023-08-10
561,Castelló de Farfanya,2023-02-20,2023-05-29
837,"Catllar, el",2023-08-25,2023-12-15
616,Cava,2023-10-25,2023-11-28
282,"Cellera de Ter, la",2023-04-24,2023-05-29
720,Cellers,2023-03-20,2023-08-30
211,Celrà,2023-05-08,2023-10-13
1209,Centelles,2023-09-01,2023-12-30
1426,Cercs,2023-04-24,2023-06-08
1155,Cerdanyola del Vallès,2023-05-08,2023-11-13
1069,Cervelló,2023-08-03,2023-09-19
447,Cervera,2023-02-06,2023-09-25
212,Cervià de Ter,2023-07-10,2023-10-30
392,Cervià de les Garrigues,2023-05-15,2023-09-29
947,"Cirera, la",2023-04-25,2023-08-14
16,Cistella,2023-05-03,2023-06-29
419,Ciutadilla,2023-05-02,2023-09-29
505,Civit,2023-05-27,2023-05-30
658,Civís,2023-07-01,2023-10-21
5117,Claravalls,2023-08-04,2023-08-05
1276,Clariana,2023-04-06,2023-07-24
304,Clariana de Cardener,2023-02-03,2023-05-05
729,Claverol,2023-02-07,2023-08-28
610,"Clua, la",2023-01-20,2023-10-09
1368,Coaner,2023-04-28,2023-09-12
393,"Cogul, el",2023-01-20,2023-12-07
18,Colera,2023-05-08,2023-09-29
619,Coll de Nargó,2023-07-25,2023-11-23
1070,Collbató,2023-05-29,2023-09-16
904,Colldejou,2023-08-10,2023-10-21
721,Collmorter,2023-03-20,2023-05-08
1210,Collsuspina,2023-08-07,2023-10-02
94,Colomers,2023-01-19,2023-09-12
1092,"Colònia Güell, la",2023-05-29,2023-08-16
308,"Coma i la Pedra, la",2023-04-25,2023-08-16
497,Comabella,2023-05-06,2023-05-08
477,Concabella,2023-08-24,2023-08-28
943,Conesa,2023-05-20,2023-11-17
750,Conques,2023-03-18,2023-09-14
838,Constantí,2023-01-20,2023-08-01
1388,Copons,2023-04-11,2023-08-16
1052,Corbera d'Ebre,2023-08-16,2023-08-18
1071,Corbera de Llobregat,2023-01-17,2023-07-22
356,Corbins,2023-05-19,2023-05-22
666,Cornellana,2023-05-19,2023-06-23
1072,Cornellà de Llobregat,2023-06-05,2023-06-09
234,Cornellà de Terri,2023-06-29,2023-10-23
977,Cornudella de Montsant,2023-07-10,2023-08-21
1114,Corró d'Amunt,2023-05-19,2023-07-15
1115,Corró d'Avall,2023-05-19,2023-09-15
5092,Cortscastell,2023-02-21,2023-08-14
537,Corçà,2023-05-03,2023-08-09
95,Corçà,2023-05-29,2023-10-09
574,Coscó,,
839,Creixell,2023-07-25,2023-12-07
10,Creixell,,
235,Crespià,2023-02-27,2023-12-11
97,Cruïlles,2023-06-05,2023-10-13
1325,Cubelles,2023-07-31,2023-08-16
562,Cubells,2023-04-25,2023-08-19
5127,Cuberes,2023-02-21,2023-08-14
934,Cunit,2023-01-20,2023-07-10
458,"Curullada, la",2023-01-28,2023-09-09
1105,Cànoves,2023-01-20,2023-06-02
1104,Cànoves i Samalús,,
807,Cóll,2023-08-16,2023-09-08
1030,Darmós,2023-02-06,2023-08-16
19,Darnius,2023-05-03,2023-08-14
149,Das,2023-10-13,2023-12-27
1005,Deltebre,2023-05-19,2023-08-16
1548,"Destres, les",2023-08-14,2023-12-13
411,Donzell d'Urgell,2023-08-11,2023-08-12
180,Dosquers,2023-05-22,2023-07-25
1184,Dosrius,2023-05-29,2023-09-01
905,Duesaigües,2023-05-29,2023-09-25
808,Durro,2023-06-16,2023-09-08
270,Dòrria,2023-07-10,2023-10-13
5089,Enseu,2023-02-21,2023-08-14
809,Erill la Vall,2023-02-13,2023-07-10
730,Erinyà,2023-05-15,2023-12-27
27,Ermedàs,2023-06-29,2023-09-26
20,"Escala, l'",2023-06-05,2023-06-29
989,Escaladei,2023-10-13,2023-12-07
696,Escaló,2023-02-21,2023-08-18
1463,Escart,2023-02-21,2023-12-07
8,"Escaules, les",2023-11-10,2023-11-20
795,Escunhau,2023-05-22,2023-06-29
791,"Esglésies, les",2023-08-01,2023-08-29
1073,Esparreguera,2023-02-13,2023-07-10
1455,Espinalbet,2023-06-08,2023-09-08
257,Espinavell,2023-08-05,2023-10-13
1211,Espinelves,2023-07-25,2023-10-13
394,"Espluga Calba, l'",2023-02-06,2023-08-21
5129,Espluga de Cuberes,2023-02-21,2023-08-14
944,"Espluga de Francolí, l'",2023-07-28,2023-07-31
1074,Esplugues de Llobregat,2023-06-05,2023-09-21
21,Espolla,2023-01-20,2023-07-25
236,Esponellà,2023-02-06,2023-10-23
689,Espot,2023-09-29,2023-12-07
1508,"Espunyola, l'",,
1277,"Esquirol, l'",2023-04-06,2023-05-29
1551,Estais,2023-09-22,2023-12-07
620,Estamariu,2023-01-21,2023-11-22
1342,"Estany, l'",2023-05-29,2023-09-08
713,Estaon,2023-05-15,2023-07-25
135,"Estartit, l'",2023-07-26,2023-12-13
453,Estaràs,2023-01-07,2023-08-24
690,Esterri d'Àneu,2023-02-21,2023-10-13
691,Esterri de Cardós,2023-08-04,2023-10-13
243,Falgons,2023-01-23,2023-09-19
1344,Fals,2023-02-21,2023-08-21
979,Falset,2023-05-29,2023-08-16
22,"Far d'Empordà, el",2023-05-03,2023-11-10
512,"Far, el",2023-01-07,2023-08-08
877,Farena,2023-08-18,2023-08-25
659,"Farga de Moles, la",2023-03-14,2023-09-08
692,Farrera,2023-02-21,2023-08-16
1053,"Fatarella, la",2023-02-06,2023-09-08
906,"Febró, la",2023-08-25,2023-08-28
454,Ferran,2023-05-25,2023-12-28
1110,Figaró-Montmany,2023-04-17,2023-09-01
980,"Figuera, la",2023-05-15,2023-08-14
23,Figueres,2023-05-03,2023-06-29
751,Figuerola d'Orcau,2023-01-17,2023-08-14
557,Figuerola de Meià,2023-05-02,2023-08-07
871,Figuerola del Camp,2023-04-06,2023-07-24
5121,"Figuerosa, la",2023-08-14,2023-09-08
213,Flaçà,2023-07-07,2023-10-11
1019,Flix,2023-08-14,2023-08-16
513,Florejacs,2023-05-15,2023-08-14
395,"Floresta, la",2023-02-03,2023-08-21
1111,Fogars de Montclús,2023-05-05,2023-08-04
283,Fogars de la Selva,2023-05-15,2023-09-18
99,Foixà,2023-06-26,2023-08-29
1212,Folgueroles,2023-05-29,2023-09-12
823,Fondarella,2023-01-20,2023-09-04
1552,Fonolleres,2023-05-29,2023-07-10
459,Fonolleres,2023-08-26,2023-08-28
1343,Fonollosa,2023-02-21,2023-08-21
1284,Font-rubí,2023-01-23,2023-08-16
150,Fontanals de Cerdanya,2023-09-08,2023-12-07
100,Fontanilles,2023-06-30,2023-07-01
118,Fontclara,2023-01-16,2023-09-16
237,Fontcoberta,2023-08-04,2023-10-23
525,Fontdepou,2023-01-04,2023-07-19
103,Fonteta,2023-05-29,2023-07-08
558,Fontllonga,2023-08-25,2023-09-29
740,Fontsagrada,,
888,Fontscaldes,2023-02-02,2023-06-26
564,Foradada,2023-01-20,2023-02-21
271,Fornells de la Muntanya,2023-07-10,2023-10-13
214,Fornells de la Selva,2023-07-25,2023-10-30
24,Fortià,2023-05-03,2023-06-29
945,Forès,2023-09-01,2023-12-07
1037,Freginals,2023-08-24,2023-10-16
335,Freixinet,2023-07-10,2023-09-25
420,"Fuliola, la",2023-07-28,2023-12-11
396,Fulleda,2023-08-25,2023-08-28
645,Fígols,2023-01-20,2023-05-15
1427,Fígols,2023-05-15,2023-11-22
667,Fórnols,2023-04-26,2023-11-17
1347,Gaià,2023-09-01,2023-09-04
id,nom,festa1,festa2
1348,Galera,2023-06-30,2023-07-01
1038,"Galera, la",2023-05-29,2023-08-10
1156,Gallifa,2023-04-06,2023-10-13
1054,Gandesa,2023-09-01,2023-09-04
1020,Garcia,2023-01-16,2023-08-14
872,"Garidells, els",2023-01-17,2023-07-25
1118,"Garriga, la",2023-05-29,2023-08-03
111,Garrigoles,2023-01-23,2023-11-29
30,Garriguella,2023-08-21,2023-12-07
25,Garrigàs,2023-06-29,2023-09-29
780,Garòs,2023-08-16,2023-08-29
796,Gausac,2023-05-22,2023-08-16
738,Gavet de la Conca,2023-01-18,2023-09-23
1075,Gavà,2023-06-29,2023-12-14
1285,Gelida,2023-08-21,2023-12-13
151,Ger,,
578,Gerb,2023-08-07,2023-11-09
687,Gerri de la Sal,2023-02-21,2023-08-14
781,Gessa,2023-06-10,2023-06-29
359,Gimenells,2023-05-15,2023-10-06
358,Gimenells i el Pla de la Font,,
1021,Ginestar,2023-11-10,2023-11-13
215,Girona,2023-07-25,2023-10-30
1428,Gironella,2023-04-25,2023-08-16
1429,Gisclareny,2023-05-15,2023-06-08
1219,"Gleva, la",2023-07-14,2023-09-29
5124,Glorieta,,
952,Glorieta,2023-05-12,2023-08-11
1039,Godall,2023-02-21,2023-05-29
824,Golmés,2023-05-30,2023-08-04
251,Gombrèn,2023-09-04,2023-09-05
1278,"Gornal, la",2023-04-06,2023-07-03
575,"Gos, el",,
499,Gospí,2023-09-26,2023-10-02
514,Gra,2023-05-13,2023-08-04
1468,Gramuntell,2023-04-24,2023-08-21
1286,"Granada, la",2023-07-10,2023-08-30
397,"Granadella, la",2023-01-17,2023-09-14
1119,Granera,2023-01-17,2023-11-10
357,"Granja d'Escarp, la",2023-01-20,2023-07-25
538,Granollers,2023-05-15,2023-07-25
1120,Granollers,2023-05-19,2023-09-01
457,Granyanella,2023-08-04,2023-08-05
461,Granyena de Segarra,2023-03-25,2023-09-14
398,Granyena de les Garrigues,2023-03-17,2023-10-06
981,Gratallops,2023-01-20,2023-08-10
152,Gréixer,,
1121,Gualba,2023-01-20,2023-08-16
112,Gualta,2023-05-29,2023-07-31
544,Gualter,2023-02-21,2023-08-16
594,Guardiola,2023-04-29,2023-08-14
644,Guardiola,2023-05-15,2023-10-06
1431,Guardiola de Berguedà,2023-04-25,2023-08-10
1511,Guialmons,2023-05-12,2023-05-13
982,"Guiamets, els",2023-08-18,2023-12-28
154,Guils de Cerdanya,2023-05-15,2023-12-22
421,Guimerà,2023-01-14,2023-04-22
695,"Guingueta d'Àneu, la",2023-02-21,2023-12-07
462,Guissona,2023-05-29,2023-09-08
309,Guixers,2023-05-08,2023-05-29
1270,"Gunyoles, les",2023-04-06,2023-08-07
865,"Gunyoles, les",2023-01-20,2023-07-25
1213,Gurb,2023-05-29,2023-11-30
1345,"Guàrdia Lada, la",2023-08-29,2023-09-15
648,Guàrdia d'Ares,2023-08-16,2023-10-10
438,"Guàrdia d'Urgell, la",2023-01-20,2023-06-12
722,Guàrdia de Tremp,2023-03-20,2023-09-01
1442,"Guàrdia, la",2023-10-06,2023-10-16
600,Gàrzola,2023-09-04,2023-09-12
455,Gàver,2023-05-11,2023-08-19
1430,Gósol,2023-07-20,2023-10-31
1055,Horta de Sant Joan,2023-03-18,2023-09-08
305,Hortoneda,2023-05-05,2023-06-29
681,Hortoneda,2023-05-03,2023-08-14
1062,"Hospitalet de Llobregat, l'",2023-06-05,2023-09-25
919,"Hospitalet de l'Infant, l'",2023-06-29,2023-08-16
478,Hostafrancs,2023-08-24,2023-08-28
590,"Hostal Nou i la Codosa, l'",2023-05-29,2023-07-29
487,Hostalets,2023-04-24,2023-08-21
198,"Hostalets d'en Bas, els",2023-08-14,2023-09-08
1389,"Hostalets de Pierola, els",2023-07-24,2023-07-25
284,Hostalric,2023-07-03,2023-09-25
1390,Igualada,2023-04-11,2023-08-28
677,Isavarre,2023-02-21,2023-08-10
678,Isil,2023-02-21,2023-06-23
752,Isona,2023-01-21,2023-08-25
155,Isòvol,2023-09-28,2023-09-29
825,Ivars d'Urgell,2023-06-05,2023-11-30
568,Ivars de Noguera,2023-01-20,2023-08-04
463,Ivorra,2023-01-17,2023-05-15
113,Jafre,2023-09-08,2023-11-11
683,Jesús,2023-09-04,2023-10-04
199,Joanetes,2023-07-24,2023-09-08
31,"Jonquera, la",2023-05-29,2023-09-08
1391,Jorba,2023-04-11,2023-07-31
625,Josa de Cadí,2023-01-20,2023-09-04
216,Juià,2023-09-08,2023-10-30
399,Juncosa,2023-03-20,2023-05-15
400,Juneda,2023-08-28,2023-08-29
1316,Lavern,2023-04-06,2023-06-26
776,Les,2023-06-29,2023-10-06
827,Linyola,2023-05-22,2023-08-14
320,Linyà,,
1031,Llaberia,2023-01-17,2023-08-29
5094,Llabià,2023-05-26,2023-05-27
1392,"Llacuna, la",2023-04-11,2023-08-07
697,Lladorre,2023-07-28,2023-11-10
714,Lladrós,2023-02-20,2023-06-29
310,Lladurs,2023-05-12,2023-07-31
32,Lladó,,
1122,"Llagosta, la",2023-03-20,2023-09-08
217,Llagostera,2023-05-29,2023-05-30
218,Llambilles,2023-07-10,2023-10-30
63,Llampaies,2023-04-24,2023-11-10
252,Llanars,2023-09-25,2023-09-26
33,Llançà,2023-01-23,2023-07-17
361,Llardecans,2023-04-24,2023-08-16
703,Llavorsí,2023-02-21,2023-07-26
362,Lleida,2023-05-11,2023-09-29
311,"Llena, la",2023-05-12,2023-11-29
701,Lleret,2023-09-16,2023-11-10
1116,Llerona,2023-05-19,2023-09-08
34,Llers,2023-05-03,2023-06-29
158,Lles de Cerdanya,2023-06-26,2023-10-09
813,Llesp,2023-01-20,2023-02-02
757,Llimiana,2023-05-25,2023-08-14
1456,Llinars,2023-06-08,2023-09-08
1125,Llinars del Vallès,2023-09-07,2023-09-08
488,Llindars,2023-04-24,2023-08-21
1123,Lliçà d'Amunt,2023-01-07,2023-09-08
1124,Lliçà de Vall,2023-04-24,2023-07-03
983,"Lloar, el",2023-08-07,2023-09-29
315,Llobera,2023-02-17,2023-09-08
446,Lloberola,2023-09-28,2023-09-29
1470,Llocalou,2023-04-17,2023-05-15
515,"Llor, el",2023-01-07,2023-08-19
946,Llorac,2023-08-25,2023-08-26
432,Llorenç de Rocafort,2023-07-28,2023-12-07
935,Llorenç del Penedès,2023-04-06,2023-08-10
285,Lloret de Mar,2023-07-24,2023-11-18
255,"Llosses, les",2023-08-14,2023-12-07
601,Lluçars,2023-09-12,2023-09-18
1214,Lluçà,2023-11-21,2023-12-07
163,Llívia,2023-04-17,2023-06-05
219,Madremanya,2023-08-07,2023-11-17
412,Mafet,2023-10-02,2023-10-03
367,Maials,2023-01-20,2023-05-15
179,Maià de Montcal,2023-01-23,2023-05-22
422,Maldà,2023-01-02,2023-08-21
450,Malgrat,2023-01-21,2023-08-14
1185,Malgrat de Mar,2023-08-16,2023-12-07
1215,Malla,2023-01-24,2023-05-29
200,"Mallol, el",2023-08-28,2023-09-08
5122,Mallolís,,
380,Malpartit,2023-01-20,2023-09-08
814,Malpàs,2023-01-20,2023-06-29
1216,Manlleu,2023-04-06,2023-05-29
1349,Manresa,2023-02-21,2023-08-28
1117,Marata,2023-05-19,2023-07-29
567,Marcovau,2023-06-02,2023-08-04
131,Marenyà,2023-04-06,2023-10-13
985,Margalef,2023-04-24,2023-08-07
1350,Marganell,2023-05-15,2023-11-22
166,Martinet,2023-01-20,2023-12-01
1076,Martorell,2023-04-24,2023-08-16
1126,Martorelles,2023-05-29,2023-09-08
984,Marçà,2023-08-16,2023-12-27
5102,Mas Gros,2023-05-08,2023-10-02
1040,Mas de Barberans,2023-04-25,2023-08-16
471,"Mas de Bondia, el",2023-08-24,2023-08-25
36,Masarac,2023-07-01,2023-11-11
1547,Masbarrat,2023-08-14,2023-12-13
920,Masboquera,2023-08-05,2023-11-17
1041,Masdenverge,2023-05-29,2023-12-07
5101,Masella,2023-06-29,2023-06-30
1217,"Masies de Roda, les",2023-07-14,2023-09-29
1218,"Masies de Voltregà, les",2023-09-04,2023-09-08
936,Masllorenç,2023-01-07,2023-08-07
1186,"Masnou, el",2023-06-05,2023-06-29
526,"Masos de Millà, els",2023-05-08,2023-08-09
907,Maspujols,2023-05-02,2023-08-16
1393,Masquefa,2023-07-21,2023-07-24
921,Masriudoms,2023-07-24,2023-07-25
986,"Masroig, el",2023-08-21,2023-08-24
368,Massalcoreig,2023-01-17,2023-08-24
287,Massanes,2023-04-06,2023-08-07
464,Massoteres,2023-05-29,2023-08-18
1279,"Masuques, les",2023-04-06,2023-10-16
873,"Masó, la",2023-01-23,2023-07-24
1157,Matadepera,2023-01-23,2023-08-28
1505,Matamargó,2023-06-13,2023-09-01
1187,Mataró,2023-06-05,2023-07-27
559,"Maçana, la",,
35,Maçanet de Cabrenys,2023-07-03,2023-11-13
286,Maçanet de la Selva,2023-05-02,2023-08-10
1287,Mediona,2023-04-11,2023-05-29
5091,Mentui,2023-02-21,2023-08-14
569,Menàrguens,2023-01-23,2023-04-29
164,Meranges,2023-06-16,2023-11-29
725,"Meüll, el",2023-03-20,2023-11-11
910,Miami Platja,2023-03-20,2023-07-25
181,Mieres,2023-03-31,2023-08-28
527,Millà,2023-06-01,2023-09-01
874,"Milà, el",2023-05-15,2023-10-23
336,"Miracle, el",2023-08-03,2023-08-04
828,Miralcamp,2023-01-20,2023-08-28
587,Miralpeix,2023-02-21,2023-09-08
611,Mirambell,2023-05-15,2023-10-06
1022,Miravet,2023-01-17,2023-10-13
1351,Moià,2023-01-20,2023-08-17
1289,Moja,2023-08-31,2023-09-01
987,"Molar, el",2023-08-14,2023-08-16
5132,"Molina, la",2023-05-15,2023-08-16
143,"Molina, la",2023-08-04,2023-09-15
1077,Molins de Rei,2023-06-05,2023-09-29
829,Mollerussa,2023-03-17,2023-05-19
39,Mollet de Peralada,2023-04-15,2023-08-07
1127,Mollet del Vallès,2023-05-29,2023-08-21
256,Molló,2023-07-10,2023-11-20
316,"Molsosa, la",2023-01-20,2023-05-15
109,Monells,2023-06-05,2023-10-13
1502,Monestir d'Avellanes,2023-08-07,2023-09-29
1352,Monistrol de Calders,2023-02-21,2023-08-01
1353,Monistrol de Montserrat,2023-01-20,2023-07-25
797,Mont,2023-05-22,2023-08-10
876,Mont-ral,2023-08-18,2023-08-25
114,Mont-ras,2023-06-05,2023-12-07
480,Mont-roig,,
909,Mont-roig del Camp,2023-09-08,2023-09-29
182,Montagut i Oix,2023-05-08,2023-06-29
640,Montant de Tost,2023-05-15,2023-12-30
949,Montblanc,2023-09-07,2023-09-08
441,Montblanquet,2023-05-29,2023-08-07
964,Montbrió de la Marca,2023-01-20,2023-08-10
908,Montbrió del Camp,2023-06-29,2023-06-30
1158,Montcada i Reixac,2023-06-05,2023-09-25
1433,Montclar,2023-06-09,2023-12-27
364,Montclar,2023-07-21,2023-07-22
798,Montcorbau,2023-05-22,2023-08-03
5083,Montcortès,2023-02-21,2023-08-14
479,Montcortès de Segarra,2023-08-24,2023-08-28
167,Montellà,2023-08-25,2023-11-29
165,Montellà i Martinet,,
694,Montesclado,,
1220,Montesquiu,2023-05-29,2023-12-07
473,Montfalcó Murallat,2023-01-20,2023-05-15
428,Montfalcó d'Agramunt,,
1411,Montfalcó el Gros,2023-05-15,2023-08-22
5096,Montfar,2023-04-24,2023-08-21
626,Montferrer i Castellbò,2023-01-23,2023-08-21
875,Montferri,2023-01-20,2023-08-25
570,Montgai,2023-09-04,2023-12-07
1188,Montgat,2023-04-24,2023-06-05
70,Montiró,2023-05-08,2023-10-02
1432,Montmajor,2023-06-08,2023-09-04
1394,Montmaneu,2023-04-11,2023-09-04
937,"Montmell, el",2023-05-29,2023-10-13
1128,Montmeló,2023-05-29,2023-06-30
369,Montoliu de Lleida,2023-05-15,2023-09-08
467,Montoliu de Segarra,2023-08-29,2023-09-15
470,Montornès de Segarra,2023-08-25,2023-08-26
1129,Montornès del Vallès,2023-09-18,2023-11-29
489,Montpalau,2023-04-24,2023-08-21
312,Montpol,2023-05-12,2023-09-29
1130,Montseny,2023-05-29,2023-08-28
565,Montsonís,2023-02-21,2023-08-18
516,"Morana, la",2023-05-15,2023-08-12
840,"Morell, el",2023-07-31,2023-11-13
988,"Morera de Montsant, la",2023-09-08,2023-12-07
1467,Muller,2023-08-24,2023-08-28
1221,Muntanyola,2023-05-29,2023-06-16
1044,"Muntells, els",2023-02-16,2023-08-10
1354,Mura,2023-04-06,2023-11-10
1023,Móra d'Ebre,2023-01-17,2023-08-25
1024,Móra la Nova,2023-08-07,2023-10-27
460,"Móra, la",2023-07-07,2023-07-08
160,Músser,2023-06-26,2023-10-09
423,Nalec,2023-01-10,2023-07-25
id,nom,festa1,festa2
1355,Navarcles,2023-02-14,2023-05-29
40,Navata,2023-05-03,2023-06-29
1356,Navàs,2023-08-28,2023-08-29
317,Navès,2023-04-22,2023-07-20
272,Nevà,2023-07-10,2023-10-13
673,Norís,,
1434,"Nou de Berguedà, la",2023-06-09,2023-12-07
841,"Nou de Gaià, la",2023-07-22,2023-09-26
649,Noves de Segre,2023-02-28,2023-07-13
878,Nulles,2023-01-20,2023-07-28
630,Nuncarga,2023-02-21,2023-12-13
325,Odèn,2023-10-03,2023-11-22
258,Ogassa,2023-05-29,2023-12-04
612,Ogern,2023-09-25,2023-11-29
1293,Olesa de Bonesvalls,2023-01-20,2023-07-17
1078,Olesa de Montserrat,2023-06-09,2023-06-26
627,Oliana,2023-02-21,2023-08-02
573,Oliola,2023-01-28,2023-08-07
331,Olius,2023-09-08,2023-09-09
1464,Olivella,2023-10-13,2023-12-07
157,Olopte,2023-06-29,2023-06-30
1222,Olost,2023-05-29,2023-08-16
183,Olot,2023-09-07,2023-09-08
472,"Oluges, les",2023-01-20,2023-04-15
1435,Olvan,2023-01-20,2023-08-07
1288,Olèrdola,2023-08-31,2023-09-01
401,"Omellons, els",2023-01-23,2023-09-25
424,"Omells de na Gaia, els",2023-03-17,2023-05-22
755,Orcau,2023-06-13,2023-08-05
1317,Ordal,2023-04-06,2023-08-07
41,Ordis,2023-02-03,2023-05-03
628,Organyà,2023-02-20,2023-05-29
1226,Oristà,2023-01-20,2023-11-30
1396,Orpí,,
1225,Orís,2023-08-25,2023-09-18
577,Os de Balaguer,2023-08-07,2023-09-29
660,Os de Civís,2023-06-23,2023-06-27
288,Osor,2023-06-29,2023-09-18
1460,Ossera,,
425,Ossó de Sió,2023-08-07,2023-10-09
1294,Pacs del Penedès,2023-08-07,2023-08-30
1462,Padrinàs,,
5107,"Pago, el",2023-01-30,2023-04-06
1190,Palafolls,2023-08-25,2023-09-08
115,Palafrugell,2023-06-05,2023-07-20
116,Palamós,2023-06-23,2023-06-26
830,"Palau d'Anglesola, el",2023-02-03,2023-08-29
545,"Palau de Rialb, el",2023-02-21,2023-08-16
42,Palau de Santa Eulàlia,2023-05-03,2023-12-11
117,Palau-sator,2023-01-17,2023-06-29
43,Palau-saverdera,2023-02-06,2023-08-28
1159,Palau-solità i Plegamans,2023-05-29,2023-08-28
842,"Pallaresos, els",2023-01-20,2023-08-07
481,"Pallargues, les",2023-08-24,2023-08-28
1079,Pallejà,2023-02-13,2023-07-10
504,Pallerols,2023-05-27,2023-05-30
572,Pallerols,2023-02-21,2023-08-16
1025,"Palma d'Ebre, la",2023-04-28,2023-05-15
1080,"Palma de Cervelló, la",2023-06-05,2023-09-25
238,Palol de Revardit,2023-10-23,2023-10-30
517,Palou,2023-05-13,2023-11-04
465,Palouet,,
121,Pals,2023-08-05,2023-09-02
1357,Palà de Torroella,2023-07-24,2023-08-28
1081,"Papiol, el",2023-02-20,2023-07-28
261,Pardines,2023-08-03,2023-08-04
1131,Parets del Vallès,2023-01-23,2023-07-31
122,Parlavà,2023-05-29,2023-08-01
641,"Parròquia d'Hortó, la",2023-09-12,2023-11-30
950,Passanant,2023-05-12,2023-08-11
44,Pau,2023-02-20,2023-05-03
506,Pavia,2023-05-27,2023-05-30
1006,Paüls,2023-05-29,2023-08-16
45,Pedret i Marzà,2023-05-15,2023-08-14
321,Pegueroles,,
71,Pelacalç,2023-05-08,2023-10-02
482,Pelagalls,2023-08-24,2023-08-28
579,Penelles,2023-05-08,2023-08-21
123,"Pera, la",2023-06-05,2023-10-13
5090,Peracalç,2023-02-21,2023-08-14
1229,Perafita,2023-02-02,2023-06-29
843,Perafort,2023-01-20,2023-06-23
46,Peralada,2023-10-13,2023-12-07
688,Peramea,2023-02-21,2023-08-14
629,Peramola,2023-02-21,2023-09-29
104,Peratallada,2023-05-29,2023-08-07
1008,"Perelló, el",2023-01-17,2023-01-19
624,Perles,2023-05-29,2023-11-18
731,Pessonada,2023-07-27,2023-08-14
147,Pi,2023-06-13,2023-10-13
889,Picamoixons,2023-03-20,2023-08-07
1397,Piera,2023-04-28,2023-09-08
953,"Piles, les",2023-11-09,2023-12-13
1191,Pineda de Mar,2023-08-28,2023-08-29
1056,"Pinell de Brai, el",2023-04-21,2023-12-07
332,Pinell de Solsonès,2023-03-21,2023-05-12
201,"Pinya, la",2023-07-31,2023-09-08
333,Pinós,2023-01-23,2023-09-01
954,Pira,2023-08-04,2023-08-07
864,"Pla de Manlleu, el",2023-05-08,2023-09-29
642,"Pla de Sant Tirs, el",2023-01-20,2023-08-11
879,"Pla de Santa Maria, el",2023-01-09,2023-04-06
5138,Pla de l'Ermita,2023-07-28,2023-10-31
360,"Pla de la Font, el",2023-05-02,2023-10-23
1295,"Pla del Penedès, el",2023-01-20,2023-07-31
576,Plandogau,,
184,"Planes d'Hostoles, les",2023-07-25,2023-09-25
262,Planoles,2023-02-03,2023-08-22
475,"Plans de Sió, els",,
831,"Poal, el",2023-03-17,2023-08-29
960,"Pobla de Carivenys, la",2023-06-23,2023-09-02
1398,"Pobla de Claramunt, la",2023-02-02,2023-07-04
402,"Pobla de Cérvoles, la",2023-08-14,2023-11-22
1550,"Pobla de Ferran, la",2023-05-12,2023-08-11
1437,"Pobla de Lillet, la",2023-05-29,2023-10-02
845,"Pobla de Mafumet, la",2023-02-02,2023-06-26
1057,"Pobla de Massaluca, la",2023-01-20,2023-08-14
846,"Pobla de Montornès, la",2023-09-08,2023-10-13
758,"Pobla de Segur, la",2023-05-08,2023-06-19
863,"Pobles, les",2023-05-15,2023-12-11
990,Poboleda,2023-08-04,2023-08-07
1160,Polinyà,2023-01-20,2023-07-10
546,Politg,2023-02-21,2023-08-16
490,Pomar,2023-04-24,2023-08-21
880,"Pont d'Armentera, el",2023-01-03,2023-07-22
632,"Pont de Bar, el",2023-07-26,2023-11-03
727,"Pont de Claverol, el",2023-01-18,2023-08-24
48,Pont de Molins,2023-01-20,2023-09-08
812,"Pont de Suert, el",2023-01-20,2023-08-04
1359,"Pont de Vilomara i Rocafort, el",2023-03-13,2023-07-24
955,Pontils,2023-07-28,2023-07-29
1296,Pontons,2023-01-20,2023-07-24
580,Ponts,2023-02-21,2023-09-14
49,Pontós,2023-07-26,2023-11-11
240,Porqueres,2023-05-22,2023-12-07
991,Porrera,2023-01-17,2023-11-13
50,"Port de la Selva, el",2023-05-19,2023-08-05
51,Portbou,2023-02-27,2023-07-25
500,Portell,2023-05-08,2023-08-31
370,"Portella, la",2023-03-03,2023-04-28
582,Pradell,2023-01-20,2023-07-14
992,Pradell de la Teixeta,2023-07-24,2023-10-02
911,Prades,2023-08-28,2023-10-16
1058,Prat de Comte,,
1082,"Prat de Llobregat, el",2023-06-05,2023-09-25
912,Pratdip,2023-07-17,2023-09-08
1230,Prats de Lluçanès,2023-01-23,2023-06-26
1399,"Prats de Rei, els",2023-03-25,2023-08-16
168,Prats i Sansor,2023-08-07,2023-11-29
429,Preixana,2023-04-11,2023-08-10
581,Preixens,2023-04-29,2023-08-28
1192,Premià de Dalt,2023-05-29,2023-06-29
1193,Premià de Mar,2023-02-20,2023-07-10
451,"Prenyanosa, la",2023-08-12,2023-09-30
185,"Preses, les",2023-09-08,2023-10-13
1234,Pruit,2023-09-29,2023-11-30
169,Prullans,2023-01-17,2023-05-29
413,"Puelles, les",2023-07-29,2023-07-31
547,"Puig de Rialb, el",2023-02-21,2023-08-16
1438,Puig-reig,2023-05-29,2023-11-13
170,Puigcerdà,2023-07-17,2023-09-08
844,Puigdelfí,2023-01-20,2023-06-23
1297,Puigdàlber,2023-01-07,2023-12-04
403,Puiggròs,2023-07-31,2023-08-01
724,Puigmaçana,2023-03-20,2023-11-11
202,Puigpardines,2023-08-16,2023-09-08
881,Puigpelat,2023-04-06,2023-12-29
430,Puigverd d'Agramunt,2023-09-16,2023-09-18
371,Puigverd de Lleida,2023-04-24,2023-07-28
614,"Pujal, el",2023-06-29,2023-09-12
1400,Pujalt,2023-01-23,2023-11-30
5087,Pujol,2023-02-21,2023-08-14
1440,"Quar, la",2023-06-29,2023-09-22
220,Quart,2023-07-17,2023-07-25
263,Queralbs,2023-07-25,2023-07-26
618,"Querforadat, el",2023-02-08,2023-08-22
882,Querol,2023-04-06,2023-12-07
52,Rabós,2023-05-03,2023-06-29
365,Raimat,2023-04-27,2023-07-28
1360,Rajadell,2023-06-23,2023-12-07
1457,"Rasos de Peguera, els",2023-06-08,2023-09-08
1026,Rasquera,2023-08-04,2023-08-07
483,Ratera,2023-08-24,2023-08-28
5114,Rauric,2023-10-06,2023-10-07
1227,"Raval de Sant Feliu, el",2023-05-29,2023-09-12
5130,"Rebato, el",2023-04-06,2023-04-17
124,Regencós,2023-01-19,2023-04-20
1014,"Reguers, els",2023-06-05,2023-09-04
1161,Rellinars,2023-04-06,2023-07-31
847,Renau,2023-12-11,2023-12-13
913,Reus,2023-06-29,2023-09-25
704,Rialp,2023-02-21,2023-09-26
883,"Riba, la",2023-08-04,2023-11-24
1027,Riba-roja d'Ebre,2023-08-24,2023-08-28
595,Ribelles,2023-05-15,2023-09-12
518,Riber,2023-05-15,2023-07-26
1543,Ribera d'Urgellet,,
715,Ribera de Cardós,2023-05-29,2023-09-08
264,Ribes de Freser,2023-02-14,2023-06-13
1100,Riells del Fai,2023-01-23,2023-08-07
289,Riells i Viabrea,2023-08-07,2023-11-13
848,"Riera de Gaià, la",2023-07-20,2023-09-14
334,Riner,,
265,Ripoll,2023-05-11,2023-05-12
1162,Ripollet,2023-05-29,2023-08-28
1469,Riu de Cerdanya,2023-01-20,2023-06-26
291,Riudarenes,2023-09-18,2023-11-10
186,Riudaura,2023-01-20,2023-10-13
914,Riudecanyes,2023-07-31,2023-09-18
915,Riudecols,2023-06-29,2023-06-30
239,Riudellots de la Creu,2023-10-23,2023-10-30
292,Riudellots de la Selva,2023-09-29,2023-10-13
916,Riudoms,2023-07-25,2023-11-27
5119,Riudovelles,2023-07-08,2023-08-26
53,Riumors,2023-05-03,2023-08-17
732,Rivert,2023-08-14,2023-11-11
1132,"Roca del Vallès, la",2023-09-12,2023-11-27
957,Rocafort de Queralt,2023-05-15,2023-08-16
433,Rocafort de Vallbona,2023-01-20,2023-09-26
442,Rocallaura,2023-08-07,2023-12-07
1280,Rocallisa,2023-04-06,2023-08-07
849,Roda de Berà,2023-08-24,2023-12-07
1231,Roda de Ter,2023-05-29,2023-09-23
884,Rodonyà,2023-01-20,2023-08-28
74,Romanyà d'Empordà,2023-07-26,2023-11-11
961,"Roques, les",2023-05-11,2023-06-29
1009,Roquetes,2023-04-14,2023-07-03
1328,"Roquetes, les",2023-02-13,2023-06-26
1459,"Rosers, els",2023-04-06,2023-08-14
54,Roses,2023-02-17,2023-02-20
372,Rosselló,2023-09-01,2023-10-13
885,"Rourell, el",2023-01-17,2023-07-03
1304,"Rovira Roja, la",2023-08-07,2023-11-11
5095,Rubinat,2023-04-24,2023-08-21
1401,Rubió,2023-01-02,2023-05-20
566,Rubió de Dalt i Rubió del Mig,2023-02-21,2023-09-29
1163,Rubí,2023-05-29,2023-06-29
1233,Rupit,2023-09-29,2023-11-30
125,Rupià,2023-01-23,2023-07-20
1042,"Ràpita, la",2023-07-25,2023-09-08
591,"Ràpita, la",2023-05-29,2023-07-20
1513,"Ràpita, la",2023-04-06,2023-08-07
528,"Règola, la",2023-05-24,2023-08-02
1164,Sabadell,2023-05-15,2023-09-04
153,Saga,,
1441,Sagàs,2023-10-16,2023-11-30
1509,Sala de Comalats,2023-05-12,2023-08-11
106,"Sala, la",2023-06-26,2023-08-16
782,Salardú,2023-05-03,2023-11-30
1443,Saldes,2023-09-08,2023-12-04
72,Saldet,2023-05-08,2023-10-02
187,Sales de Llierca,2023-04-24,2023-11-11
301,Salitja,2023-04-06,2023-07-20
1361,Sallent,2023-02-20,2023-06-08
850,Salomó,2023-05-08,2023-08-16
851,Salou,2023-02-03,2023-10-30
221,Salt,2023-07-25,2023-10-30
759,Salàs de Pallars,2023-05-02,2023-10-13
1369,Saló,2023-04-28,2023-08-21
1106,Samalús,2023-08-25,2023-11-30
494,Sanaüja,2023-01-17,2023-05-22
5097,Saneja,,
1063,Sant Adrià de Besòs,2023-06-05,2023-09-08
1235,Sant Agustí de Lluçanès,2023-08-25,2023-09-28
222,Sant Andreu Salou,2023-09-12,2023-11-30
1194,Sant Andreu de Llavaneres,2023-07-17,2023-11-30
1083,Sant Andreu de la Barca,2023-09-04,2023-11-30
188,Sant Aniol de Finestres,2023-07-31,2023-12-13
492,Sant Antolí i Vilanova,2023-04-24,2023-08-21
661,Sant Antoni,2023-06-10,2023-07-07
92,Sant Antoni de Calonge,2023-06-13,2023-09-01
1135,Sant Antoni de Vilamajor,2023-01-17,2023-08-18
1236,Sant Bartomeu del Grau,2023-05-29,2023-08-24
1084,Sant Boi de Llobregat,2023-05-22,2023-12-07
1237,Sant Boi de Lluçanès,2023-05-29,2023-09-28
1195,Sant Cebrià de Vallalta,2023-09-16,2023-09-29
1136,Sant Celoni,2023-09-08,2023-11-13
55,Sant Climent Sescebes,2023-08-29,2023-11-23
1085,Sant Climent de Llobregat,2023-08-10,2023-11-23
105,Sant Climent de Peralta,2023-05-29,2023-09-02
741,Sant Cristòfol de la Vall,,
1298,Sant Cugat Sesgarrigues,2023-07-28,2023-07-31
1165,Sant Cugat del Vallès,2023-03-03,2023-06-29
302,Sant Dalmai,2023-04-06,2023-07-20
1086,Sant Esteve Sesrovires,2023-04-06,2023-07-28
203,Sant Esteve d'en Bas,2023-09-08,2023-09-18
1138,Sant Esteve de Palautordera,2023-08-07,2023-11-03
761,Sant Esteve de la Sarga,2023-05-13,2023-09-08
1363,Sant Feliu Sasserra,2023-05-29,2023-09-12
119,Sant Feliu de Boada,2023-07-29,2023-08-01
293,Sant Feliu de Buixalleu,2023-04-06,2023-08-01
1139,Sant Feliu de Codines,2023-01-17,2023-09-15
126,Sant Feliu de Guíxols,2023-02-17,2023-08-01
1087,Sant Feliu de Llobregat,2023-06-05,2023-10-13
189,Sant Feliu de Pallerols,2023-05-29,2023-08-01
190,Sant Ferriol,2023-03-31,2023-09-22
1140,Sant Fost de Campsentelles,2023-07-31,2023-09-28
1364,Sant Fruitós de Bages,2023-01-21,2023-07-03
1549,Sant Gallard,2023-09-02,2023-09-09
223,Sant Gregori,2023-07-17,2023-07-25
495,Sant Guim de Freixenet,2023-06-16,2023-08-07
496,Sant Guim de la Plana,2023-08-14,2023-08-16
294,Sant Hilari Sacalm,2023-05-29,2023-08-25
1238,Sant Hipòlit de Voltregà,2023-09-04,2023-09-08
1196,Sant Iscle de Vallalta,2023-07-31,2023-09-07
1043,Sant Jaume d'Enveja,2023-06-23,2023-07-25
1444,Sant Jaume de Frontanyà,2023-07-24,2023-07-25
191,Sant Jaume de Llierca,2023-07-24,2023-07-25
938,Sant Jaume dels Domenys,2023-07-24,2023-07-25
1318,Sant Joan,,
1088,Sant Joan Despí,2023-06-05,2023-09-25
662,Sant Joan Fumat,2023-05-27,2023-08-12
1301,Sant Joan Samora,2023-01-20,2023-08-10
224,Sant Joan de Mollet,2023-01-20,2023-07-25
1452,Sant Joan de Montdarn,2023-08-07,2023-08-29
1365,Sant Joan de Vilatorrada,2023-02-21,2023-06-26
266,Sant Joan de les Abadesses,2023-09-12,2023-09-13
192,Sant Joan les Fonts,2023-08-26,2023-09-08
225,Sant Jordi Desvalls,2023-04-24,2023-10-30
5139,Sant Josep de Fontdepou,2023-01-04,2023-07-19
120,Sant Julià de Boada,2023-01-09,2023-07-29
1445,Sant Julià de Cerdanyola,2023-07-20,2023-12-07
226,Sant Julià de Ramis,2023-10-02,2023-10-30
1239,Sant Julià de Vilatorta,2023-05-29,2023-07-24
326,Sant Julià del Llor i Bonmatí,2023-04-24,2023-05-29
1089,Sant Just Desvern,2023-04-06,2023-06-26
1506,Sant Just d'Ardèvol,2023-08-16,2023-09-01
306,Sant Just i Joval,2023-05-05,2023-05-22
1167,Sant Llorenç Savall,2023-08-25,2023-11-17
1299,Sant Llorenç d'Hortons,2023-01-20,2023-08-10
560,Sant Llorenç de Montgai,2023-05-25,2023-08-10
338,Sant Llorenç de Morunys,2023-05-29,2023-08-10
56,Sant Llorenç de la Muga,2023-08-10,2023-08-11
107,Sant Llorenç de les Arenes,2023-06-26,2023-08-10
5113,Sant Magí de Brufaganya,2023-08-19,2023-09-16
290,Sant Martí Sapresa,2023-01-20,2023-11-10
1302,Sant Martí Sarroca,2023-07-17,2023-11-11
1253,Sant Martí Sescorts,2023-04-06,2023-05-29
1403,Sant Martí Sesgueioles,2023-08-21,2023-11-10
228,Sant Martí Vell,2023-07-25,2023-10-30
1240,Sant Martí d'Albars,2023-04-06,2023-11-10
5098,Sant Martí d'Aravó,,
259,Sant Martí d'Ogassa,2023-05-29,2023-12-04
742,Sant Martí de Barcedana,,
254,Sant Martí de Campmajor,2023-05-23,2023-09-30
733,Sant Martí de Canals,2023-08-03,2023-11-11
1241,Sant Martí de Centelles,2023-05-29,2023-07-25
227,Sant Martí de Llémena,2023-10-13,2023-12-07
435,Sant Martí de Maldà,2023-11-10,2023-12-27
1447,Sant Martí de Merlès,2023-05-15,2023-08-16
431,Sant Martí de Riucorb,,
260,Sant Martí de Surroca,2023-05-29,2023-12-04
5133,Sant Martí de Torroella,2023-06-26,2023-11-11
1402,Sant Martí de Tous,2023-04-11,2023-11-10
519,Sant Martí de la Morana,2023-05-15,2023-11-11
253,Sant Martí de la Mota,2023-10-23,2023-10-30
1281,Sant Marçal,2023-04-06,2023-07-10
1366,Sant Mateu de Bages,2023-04-28,2023-09-18
1292,Sant Miquel d'Olèrdola,2023-08-31,2023-09-01
5116,Sant Miquel de Balenyà,2023-05-29,2023-07-25
241,Sant Miquel de Campmajor,2023-05-23,2023-09-30
57,Sant Miquel de Fluvià,2023-05-03,2023-09-29
5131,Sant Miquel de Terradelles,2023-05-15,2023-08-16
743,Sant Miquel de la Vall,,
58,Sant Mori,2023-01-20,2023-09-22
1319,Sant Pau d'Ordal,2023-01-30,2023-04-06
1448,Sant Pau de Pinós,2023-05-15,2023-08-16
267,Sant Pau de Segúries,2023-09-04,2023-09-05
663,Sant Pere,2023-06-23,2023-07-07
1290,Sant Pere Molanta,2023-08-31,2023-09-01
59,Sant Pere Pescador,2023-01-20,2023-06-29
1404,Sant Pere Sallavinera,2023-04-27,2023-06-29
1326,Sant Pere de Ribes,2023-01-25,2023-06-29
1305,Sant Pere de Riudebitlles,2023-04-06,2023-06-29
1242,Sant Pere de Torelló,2023-06-29,2023-09-25
1141,Sant Pere de Vilamajor,2023-04-25,2023-06-29
1412,Sant Pere del Vim,2023-05-15,2023-08-22
491,Sant Pere dels Arquells,2023-04-24,2023-08-21
1197,Sant Pol de Mar,2023-01-25,2023-07-25
307,Sant Ponç,2023-02-02,2023-05-05
204,Sant Privat d'en Bas,2023-08-21,2023-09-08
1306,Sant Quintí de Mediona,2023-05-08,2023-10-31
1142,Sant Quirze Safaja,2023-01-17,2023-06-16
1243,Sant Quirze de Besora,2023-05-29,2023-06-16
1168,Sant Quirze del Vallès,2023-05-15,2023-09-04
501,Sant Ramon,2023-07-25,2023-08-31
756,Sant Romà d'Abella,2023-04-29,2023-06-23
1307,Sant Sadurní d'Anoia,2023-09-08,2023-11-29
1245,Sant Sadurní d'Osormort,2023-05-29,2023-09-04
98,Sant Sadurní de l'Heura,2023-06-05,2023-10-13
1371,Sant Salvador de Guardiola,2023-02-21,2023-08-07
744,Sant Salvador de Toló,,
1358,Sant Salvador de Torroella,,
1271,Sant Sebastià dels Gorgs,2023-04-06,2023-08-07
745,Sant Serni,,
1372,Sant Vicenç de Castellet,2023-01-23,2023-07-10
1198,Sant Vicenç de Montalt,2023-01-23,2023-05-29
1246,Sant Vicenç de Torelló,2023-04-06,2023-09-04
1090,Sant Vicenç dels Horts,2023-01-23,2023-07-24
1133,Santa Agnès de Malanyanes,2023-01-23,2023-08-21
1045,Santa Bàrbara,2023-05-09,2023-12-04
1247,Santa Cecília de Voltregà,2023-04-06,2023-11-22
1091,Santa Coloma de Cervelló,2023-05-29,2023-08-16
295,Santa Coloma de Farners,2023-04-11,2023-09-22
1064,Santa Coloma de Gramenet,2023-06-05,2023-09-25
958,Santa Coloma de Queralt,2023-04-11,2023-11-08
1224,Santa Creu de Jotglar,2023-05-29,2023-09-14
127,Santa Cristina d'Aro,2023-07-24,2023-07-25
1248,Santa Eugènia de Berga,2023-05-29,2023-09-04
1249,Santa Eulàlia de Riuprimer,2023-05-29,2023-09-04
1143,Santa Eulàlia de Ronçana,2023-07-28,2023-12-11
474,Santa Fe,2023-01-20,2023-05-26
1308,Santa Fe del Penedès,2023-08-31,2023-10-16
535,Santa Linya,2023-04-25,2023-05-25
60,Santa Llogaia d'Àlguema,2023-05-03,2023-06-29
754,Santa Llúcia,2023-03-20,2023-12-13
1405,Santa Margarida de Montbui,2023-04-11,2023-07-24
1309,Santa Margarida i els Monjos,2023-04-06,2023-07-20
1373,Santa Maria d'Oló,2023-01-20,2023-08-28
1250,Santa Maria de Besora,2023-10-13,2023-12-07
1144,Santa Maria de Martorelles,2023-05-29,2023-09-08
602,Santa Maria de Meià,2023-05-29,2023-08-16
1446,Santa Maria de Merlès,2023-05-15,2023-08-16
1406,Santa Maria de Miralles,2023-04-11,2023-08-14
5120,Santa Maria de Montmagastrell,2023-08-19,2023-09-12
1145,Santa Maria de Palautordera,2023-01-23,2023-10-09
1413,Santa Maria del Camí,2023-05-15,2023-08-22
939,Santa Oliva,2023-01-25,2023-08-31
193,Santa Pau,2023-08-14,2023-08-16
962,Santa Perpètua de Gaià,2023-08-11,2023-08-12
1169,Santa Perpètua de Mogoda,2023-03-07,2023-09-04
1199,Santa Susanna,2023-08-10,2023-08-11
363,Santa Susanna,2023-02-03,2023-08-11
862,Santes Creus,2023-08-21,2023-12-13
1374,Santpedor,2023-06-12,2023-07-26
811,Saraís,2023-08-16,2023-09-08
963,Sarral,2023-07-28,2023-09-26
229,Sarrià de Ter,2023-07-25,2023-10-30
762,Sarroca de Bellera,2023-08-01,2023-08-29
373,Sarroca de Lleida,2023-01-17,2023-05-15
61,Saus,2023-04-24,2023-09-08
965,Savallà del Comtat,2023-09-30,2023-10-02
417,Seana,2023-03-31,2023-09-29
852,"Secuita, la",2023-07-10,2023-08-14
520,Sedó,2023-08-12,2023-11-21
5112,Seguer,2023-08-18,2023-08-19
1415,Segur,2023-05-15,2023-08-22
933,Segur de Calafell,2023-07-17,2023-09-29
1512,Segura,2023-05-13,2023-05-16
5085,Sellui,2023-02-21,2023-08-14
64,"Selva de Mar, la",2023-01-20,2023-08-03
917,"Selva del Camp, la",2023-06-05,2023-11-30
322,"Selva, la",,
521,Selvanera,2023-01-20,2023-05-15
966,Senan,,
817,Senet,2023-05-16,2023-06-23
760,Sensui,2023-10-13,2023-12-04
764,Senterada,2023-07-28,2023-08-14
584,"Sentiu de Sió, la",2023-05-08,2023-09-29
1170,Sentmenat,2023-09-04,2023-11-13
245,Serinyà,2023-10-23,2023-11-27
1029,"Serra d'Almos, la",2023-01-02,2023-08-07
128,Serra de Daró,2023-05-05,2023-05-29
548,"Serra de Rialb, la",2023-02-21,2023-08-16
682,"Serra, la",2023-04-11,2023-06-23
734,Serradell,2023-04-27,2023-11-30
1453,Serrateix,2023-05-15,2023-08-07
374,Seròs,2023-04-14,2023-09-08
268,Setcases,2023-05-08,2023-09-29
643,"Seu d'Urgell, la",2023-01-20,2023-07-07
1254,Seva,2023-05-29,2023-09-29
832,Sidamon,2023-02-03,2023-08-24
296,Sils,2023-07-10,2023-09-26
493,"Sisquella, la",2023-04-24,2023-08-21
484,Sisteró,2023-08-24,2023-08-28
1329,Sitges,2023-08-24,2023-09-23
65,Siurana,2023-05-03,2023-06-29
1007,Siurana,2023-05-09,2023-08-14
1255,Sobremunt,2023-05-15,2023-12-13
5128,Solduga,2023-02-21,2023-08-14
404,"Soleràs, el",2023-08-04,2023-08-16
967,Solivella,2023-09-08,2023-12-07
339,Solsona,2023-09-08,2023-09-09
679,Son,2023-02-21,2023-08-07
1256,Sora,2023-05-15,2023-06-30
705,Soriguera,2023-02-21,2023-08-14
680,Sorpe,2023-02-21,2023-08-14
668,Sorribes de la Vansa,2023-08-04,2023-10-06
706,Sort,2023-02-21,2023-08-01
375,Soses,2023-05-08,2023-09-05
735,Sossís,2023-02-01,2023-08-24
337,Su,2023-08-14,2023-08-16
366,Sucs,2023-05-15,2023-08-14
376,Sudanell,2023-09-29,2023-10-02
377,Sunyer,2023-04-26,2023-12-13
716,Surri,2023-08-10,2023-12-30
297,Susqueda,2023-01-23,2023-10-09
329,Sàlzer,,
1046,"Sénia, la",2023-03-20,2023-05-08
1375,Súria,2023-01-20,2023-07-17
1146,Tagamanent,2023-04-06,2023-12-07
1376,Talamanca,2023-04-06,2023-08-14
765,Talarn,2023-05-15,2023-12-07
503,Talavera,2023-05-27,2023-05-30
129,"Tallada d'Empordà, la",2023-04-06,2023-10-13
5103,"Talladell, el",2023-09-02,2023-09-16
466,Talteüll,,
1257,Taradell,2023-01-20,2023-08-25
84,Taravaus,2023-05-03,2023-06-29
855,Tarragona,2023-08-19,2023-09-23
508,Tarroja de Segarra,2023-04-27,2023-08-07
405,Tarrés,2023-05-15,2023-08-16
439,"Tarròs, el",2023-06-05,2023-11-20
539,Tartareu,2023-08-22,2023-09-29
702,Tavascan,2023-08-05,2023-08-24
1259,Tavertet,2023-04-06,2023-07-10
1258,Tavèrnoles,2023-05-29,2023-08-03
108,Taús,2023-05-27,2023-09-26
810,Taüll,2023-07-17,2023-11-23
1200,Teià,2023-06-05,2023-11-11
323,Tentellatge,,
66,Terrades,2023-05-15,2023-11-22
1171,Terrassa,2023-04-06,2023-07-03
1546,Terveu,2023-01-17,2023-08-01
1201,Tiana,2023-06-13,2023-09-16
313,Timoneda,2023-05-12,2023-12-11
586,Tiurana,2023-02-21,2023-09-08
1010,Tivenys,,
1028,Tivissa,2023-07-25,2023-07-26
636,Toloriu,2023-07-26,2023-08-14
1260,Tona,2023-05-29,2023-11-30
28,Tonyà,2023-06-29,2023-12-13
646,Tor,,
132,Tor,2023-04-06,2023-10-13
736,Toralla,2023-01-16,2023-08-02
737,Torallola,2023-08-14,2023-11-22
1466,Tordera,2023-09-08,2023-09-09
1202,Tordera,2023-05-11,2023-08-24
1261,Torelló,2023-08-01,2023-09-18
406,"Torms, els",2023-01-17,2023-05-08
437,Tornabous,2023-05-15,2023-10-09
1228,"Torre d'Oristà, la",2023-01-17,2023-09-08
766,"Torre de Cabdella, la",2023-08-14,2023-08-28
1407,"Torre de Claramunt, la",2023-04-11,2023-06-23
563,"Torre de Fluvià, la",2023-08-26,2023-08-29
993,"Torre de Fontaubella, la",2023-05-29,2023-08-05
549,"Torre de Rialb, la",2023-02-21,2023-08-16
1032,"Torre de l'Espanyol, la",2023-01-16,2023-07-25
5134,Torre-ramona,2023-04-06,2023-04-17
382,Torre-serona,2023-05-08,2023-11-06
378,Torrebesses,2023-01-20,2023-08-04
857,Torredembarra,2023-07-15,2023-09-04
379,Torrefarrera,2023-01-20,2023-09-08
522,Torrefeta,2023-06-16,2023-11-04
510,Torrefeta i Florejacs,,
833,Torregrossa,2023-01-20,2023-08-14
588,Torrelameu,2023-01-20,2023-05-08
1320,Torrelavit,2023-01-30,2023-04-06
1321,Torrelles de Foix,2023-08-25,2023-09-08
1093,Torrelles de Llobregat,2023-01-25,2023-06-05
1282,Torrelletes,2023-04-06,2023-07-17
133,Torrent,2023-09-01,2023-12-13
314,Torrents,2023-01-09,2023-05-12
381,Torres de Segre,2023-05-09,2023-12-04
1134,"Torreta, la",2023-05-02,2023-07-17
67,Torroella de Fluvià,2023-08-21,2023-11-24
134,Torroella de Montgrí,2023-02-21,2023-08-25
994,Torroja del Priorat,2023-05-15,2023-09-29
194,Tortellà,2023-05-02,2023-08-16
1011,Tortosa,2023-06-05,2023-09-04
509,Torà,2023-05-29,2023-09-01
1545,Torà de Tost,2023-09-04,2023-12-19
269,Toses,2023-07-10,2023-10-13
298,Tossa de Mar,2023-06-29,2023-10-13
631,Tragó,2023-02-21,2023-12-13
161,Travesseres,2023-06-26,2023-10-09
783,Tredòs,2023-08-03,2023-09-27
767,Tremp,2023-05-15,2023-09-08
5104,Trenca-roques,2023-04-06,2023-07-31
5099,Tuixent,2023-01-20,2023-07-25
436,Tàrrega,2023-05-12,2023-09-08
585,Térmens,2023-01-20,2023-09-12
707,Tírvia,2023-01-17,2023-08-01
603,Tòrrec,2023-05-15,2023-08-07
1172,Ullastrell,2023-03-15,2023-08-14
137,Ullastret,2023-05-29,2023-08-10
1047,Ulldecona,2023-09-12,2023-10-18
995,Ulldemolins,2023-06-13,2023-10-16
136,Ullà,2023-07-21,2023-09-08
138,Ultramort,2023-07-03,2023-12-11
784,Unha,2023-09-16,2023-12-11
5108,Urbanització Can Rossell,2023-04-06,2023-07-31
5109,Urbanització Casablanca,2023-04-06,2023-07-10
5110,Urbanització la Muntanya Rodona,2023-01-30,2023-04-06
174,Urús,2023-08-18,2023-11-23
5126,Useu,2023-02-21,2023-08-14
1173,Vacarisses,2023-04-06,2023-05-26
68,"Vajol, la",2023-12-23,2023-12-30
195,"Vall de Bianya, la",2023-04-17,2023-05-15
803,"Vall de Boí, la",,
139,Vall-llobrega,2023-01-23,2023-09-25
1409,Vallbona d'Anoia,2023-05-29,2023-08-24
440,Vallbona de les Monges,2023-05-29,2023-09-18
1449,Vallcebre,2023-06-09,2023-12-04
968,Vallclara,2023-08-25,2023-08-28
330,Valldan,,
5136,Valldemar,2023-04-06,2023-07-17
5135,Valldeperes,2023-08-28,2023-10-06
324,"Valldora, la",,
1166,Valldoreix,2023-03-03,2023-09-16
956,Vallespinosa,2023-08-04,2023-08-05
589,Vallfogona de Balaguer,2023-05-29,2023-09-29
273,Vallfogona de Ripollès,2023-05-15,2023-08-25
969,Vallfogona de Riucorb,2023-07-10,2023-12-04
1147,Vallgorguina,2023-09-25,2023-11-30
1094,Vallirana,2023-01-20,2023-09-21
1507,Vallmanya,2023-09-01,2023-09-26
886,Vallmoll,2023-04-06,2023-12-07
1148,Vallromanes,2023-01-23,2023-09-29
887,Valls,2023-02-02,2023-06-26
1370,Valls de Torroella,2023-04-28,2023-07-31
826,Vallverd,2023-03-17,2023-10-06
903,Vallverd,2023-05-05,2023-08-18
73,Valveralla,2023-05-08,2023-10-02
684,València d'Àneu,2023-02-21,2023-09-08
918,Vandellòs,2023-07-25,2023-09-22
664,"Vansa i Fórnols, la",,
1410,Veciana,2023-05-15,2023-08-22
940,"Vendrell, el",2023-07-26,2023-07-27
244,Ventajol,2023-05-23,2023-09-30
173,Ventajola,2023-07-03,2023-12-21
69,Ventalló,2023-05-08,2023-10-02
583,"Ventoses, les",2023-07-25,2023-08-21
443,Verdú,2023-01-27,2023-09-08
140,Verges,2023-02-21,2023-04-06
452,Vergós,2023-05-15,2023-08-05
456,Vergós Guerrejat,2023-07-22,2023-08-10
858,Vespella de Gaià,2023-01-20,2023-09-29
1262,Vic,,
498,Vicfred,2023-09-30,2023-10-02
299,Vidreres,2023-02-21,2023-09-04
1263,Vidrà,2023-01-13,2023-09-25
799,Vielha,2023-05-22,2023-09-08
800,Vila,2023-05-22,2023-08-16
75,Vila-robau,2023-05-08,2023-10-02
891,Vila-rodona,2023-01-20,2023-08-10
85,Vila-sacra,2023-05-03,2023-06-29
835,Vila-sana,2023-03-17,2023-09-29
860,Vila-seca,2023-01-17,2023-08-03
890,Vilabella,2023-08-04,2023-08-19
76,Vilabertran,2023-05-03,2023-06-29
230,Vilablareix,2023-07-25,2023-10-30
801,Vilac,2023-05-22,2023-08-01
1450,Vilada,2023-06-08,2023-10-31
77,Viladamat,2023-07-28,2023-12-07
231,Viladasens,2023-01-23,2023-10-14
1095,Viladecans,2023-06-05,2023-09-08
1174,Viladecavalls,2023-07-10,2023-11-11
1291,Viladellops,2023-08-31,2023-09-01
246,Vilademuls,2023-01-30,2023-10-23
1264,Viladrau,2023-05-29,2023-09-08
78,Vilafant,2023-05-03,2023-09-16
1322,Vilafranca del Penedès,2023-08-30,2023-08-31
444,Vilagrassa,2023-01-20,2023-12-07
469,Vilagrasseta,2023-08-29,2023-09-15
29,Vilajoan,2023-06-29,2023-07-22
79,Vilajuïga,2023-01-20,2023-07-31
1149,Vilalba Sasserra,2023-01-23,2023-08-14
1059,Vilalba dels Arcs,2023-04-06,2023-08-10
816,Vilaller,2023-08-16,2023-11-23
172,Vilallobent,2023-09-04,2023-11-30
274,Vilallonga de Ter,2023-11-13,2023-11-14
859,Vilallonga del Camp,2023-07-31,2023-11-13
596,Vilalta,2023-07-29,2023-08-14
80,Vilamacolum,2023-02-13,2023-05-02
553,Vilamajor,2023-09-20,2023-10-03
536,Vilamajor,2023-09-20,2023-10-03
81,Vilamalla,2023-05-03,2023-06-29
82,Vilamaniscle,2023-05-03,2023-09-01
723,Vilamolat de Mur,2023-03-20,2023-05-08
802,Vilamòs,2023-08-16,2023-09-30
83,Vilanant,2023-05-03,2023-06-29
923,Vilanova d'Escornalbou,2023-01-23,2023-08-28
1408,Vilanova d'Espoia,2023-04-11,2023-06-23
834,Vilanova de Bellpuig,2023-06-29,2023-09-01
597,Vilanova de Meià,2023-05-08,2023-09-12
970,Vilanova de Prades,2023-06-13,2023-08-16
1265,Vilanova de Sau,2023-04-06,2023-08-14
384,Vilanova de Segrià,2023-01-23,2023-07-17
592,Vilanova de l'Aguda,2023-03-07,2023-08-14
383,Vilanova de la Barca,2023-08-14,2023-10-02
47,Vilanova de la Muga,2023-12-11,2023-12-13
540,Vilanova de la Sal,2023-02-03,2023-08-01
1416,Vilanova del Camí,2023-04-11,2023-09-04
1150,Vilanova del Vallès,2023-05-29,2023-08-28
1330,Vilanova i la Geltrú,2023-01-17,2023-08-05
924,Vilaplana,2023-01-20,2023-05-15
753,Vilaplana,2023-02-21,2023-08-16
615,"Vilar, el",2023-05-08,2023-09-29
17,Vilaritgs,,
37,Vilarnadal,2023-04-27,2023-06-29
1203,Vilassar de Dalt,2023-05-29,2023-08-25
1204,Vilassar de Mar,2023-06-26,2023-11-17
971,Vilaverd,2023-07-07,2023-11-10
86,Vilaür,2023-07-22,2023-07-25
996,"Vilella Alta, la",2023-07-25,2023-12-13
997,"Vilella Baixa, la",2023-05-22,2023-05-29
434,"Vilet, el",2023-07-25,2023-12-27
162,Viliella,2023-06-26,2023-10-09
300,Vilobí d'Onyar,2023-04-06,2023-07-20
1323,Vilobí del Penedès,2023-04-06,2023-08-21
141,Vilopriu,2023-06-29,2023-09-26
407,"Vilosell, el",2023-01-20,2023-05-08
972,Vimbodí i Poblet,2023-01-17,2023-08-04
408,Vinaixa,2023-04-24,2023-08-28
1015,Vinallop,2023-06-05,2023-09-04
1033,Vinebre,2023-08-24,2023-08-25
1244,Vinyoles,2023-07-10,2023-09-08
925,Vinyols i els Arcs,2023-05-29,2023-11-24
854,Vistabella,2023-01-05,2023-08-24
815,Viu de Llevata,2023-01-20,2023-08-11
1454,Viver,2023-08-07,2023-09-29
502,Viver de Segarra,2023-01-18,2023-09-25
110,Vulpellac,2023-05-29,2023-08-19
1016,Xerta,2023-07-25,2023-11-11
523,Àger,2023-01-23,2023-08-16
672,Àreu,2023-01-23,2023-07-31
1395,Òdena,2023-04-11,2023-04-28
1189,Òrrius,2023-05-29,2023-11-30
